itemId,companyName,productName
1,Kerluke and Sons,Ergonomic Metal Tuna
2,"Cummings, McGlynn and Harvey",Sleek Cotton Tuna
3,"Feil, Mann and Dickens",Practical Rubber Shoes
4,Gorczany and Sons,Small Plastic Chair
5,Harris Group,Practical Concrete Car
6,Schmitt LLC,Incredible Soft Pants
7,"Cremin, D'Amore and Weissnat",Licensed Rubber Pizza
8,Skiles LLC,Refined Rubber Soap
9,Prosacco - Harber,Refined Wooden Salad
10,"Reynolds, Rohan and McDermott",Refined Cotton Chair
11,Toy and Sons,Generic Plastic Sausages
12,"Murphy, Feest and Hoeger",Unbranded Cotton Hat
13,Spencer - Champlin,Unbranded Rubber Shoes
14,"O'Keefe, Hoppe and Carter",Practical Plastic Shoes
15,"Hirthe, Bogan and Klocko",Rustic Wooden Soap
16,"Price, Mante and Veum",Handcrafted Frozen Computer
17,"Ritchie, O'Keefe and Haag",Intelligent Steel Pants
18,Feeney Inc,Refined Plastic Tuna
19,Gulgowski - Ullrich,Gorgeous Rubber Hat
20,"Turner, Emard and Murphy",Intelligent Soft Cheese
21,Bruen - Klein,Gorgeous Fresh Table
22,"Boyle, Kreiger and Wehner",Unbranded Soft Chicken
23,Schumm Inc,Fantastic Wooden Cheese
24,Spencer - Breitenberg,Rustic Cotton Tuna
25,Bednar - Homenick,Awesome Cotton Computer
26,Ratke Group,Small Frozen Chair
27,"Hauck, Bergnaum and Doyle",Tasty Metal Salad
28,Littel and Sons,Sleek Cotton Chicken
29,"Lubowitz, Corwin and Mante",Handmade Rubber Tuna
30,Cruickshank LLC,Gorgeous Wooden Cheese
31,McDermott LLC,Licensed Metal Salad
32,Botsford - Goldner,Unbranded Rubber Bacon
33,Bauch - Breitenberg,Incredible Steel Chair
34,Ryan and Sons,Tasty Metal Bacon
35,"Hills, Corwin and Lehner",Incredible Wooden Bacon
36,"Farrell, Ebert and McKenzie",Unbranded Steel Keyboard
37,Boyle Inc,Sleek Frozen Chips
38,Schroeder - Ruecker,Intelligent Plastic Chair
39,Christiansen - Metz,Refined Metal Keyboard
40,Schumm Inc,Gorgeous Cotton Hat
41,Simonis Inc,Rustic Metal Salad
42,Dooley LLC,Rustic Concrete Keyboard
43,Johns - Swaniawski,Ergonomic Metal Chair
44,Hartmann - Pagac,Practical Rubber Mouse
45,Rippin Inc,Generic Rubber Gloves
46,Sanford and Sons,Refined Plastic Chair
47,"Paucek, Abshire and Grady",Incredible Wooden Pants
48,Kuhic - Jacobs,Refined Granite Ball
49,Cremin Inc,Fantastic Frozen Mouse
50,"Mohr, Lang and Emard",Practical Steel Soap
51,"Quitzon, Dietrich and Gerlach",Rustic Plastic Salad
52,"Doyle, Pfeffer and Denesik",Gorgeous Frozen Gloves
53,Kassulke and Sons,Practical Wooden Pants
54,Torphy LLC,Intelligent Wooden Towels
55,"Sipes, Abshire and Cummings",Handmade Rubber Shoes
56,Brakus LLC,Small Fresh Tuna
57,Berge Inc,Rustic Steel Shoes
58,Cremin - Kuhn,Handmade Wooden Keyboard
59,Muller Group,Tasty Rubber Pants
60,"Hartmann, Kshlerin and Hudson",Handmade Frozen Car
61,Bashirian and Sons,Handcrafted Frozen Shoes
62,Rutherford - Flatley,Ergonomic Granite Bacon
63,Crona - Auer,Ergonomic Granite Hat
64,McCullough - Lehner,Gorgeous Plastic Chips
65,Douglas - Robel,Tasty Rubber Bacon
66,"Beahan, Stiedemann and Kuhn",Licensed Granite Computer
67,Gorczany - Gottlieb,Gorgeous Soft Chair
68,"Tremblay, Wiza and Leannon",Handcrafted Steel Chair
69,O'Hara LLC,Fantastic Granite Table
70,Turcotte - Bailey,Handmade Metal Chair
71,Wehner LLC,Awesome Fresh Fish
72,Runolfsson LLC,Refined Metal Table
73,Rodriguez - Nolan,Unbranded Cotton Pizza
74,McDermott - Heaney,Awesome Granite Tuna
75,"Quigley, Streich and Gibson",Licensed Plastic Pizza
76,Nitzsche LLC,Intelligent Frozen Bacon
77,"Kreiger, Kling and Pollich",Gorgeous Wooden Towels
78,Bode LLC,Handcrafted Soft Bacon
79,"Douglas, Johns and Wolff",Handmade Concrete Pizza
80,Heidenreich - Conroy,Ergonomic Metal Bacon
81,Marks Inc,Sleek Plastic Fish
82,Davis and Sons,Generic Frozen Keyboard
83,Rowe Inc,Small Granite Table
84,Donnelly LLC,Small Steel Pants
85,McDermott Group,Refined Wooden Table
86,Brakus - Marvin,Rustic Concrete Chair
87,Bartell - Durgan,Small Wooden Mouse
88,"Keeling, Renner and Bashirian",Unbranded Rubber Shoes
89,Rogahn - O'Conner,Unbranded Soft Ball
90,"Williamson, Hauck and Lehner",Small Granite Bike
91,Upton Group,Intelligent Cotton Chair
92,"Larkin, Windler and Stiedemann",Fantastic Soft Chicken
93,"Tillman, Schowalter and Eichmann",Generic Steel Salad
94,"Keeling, Johnston and Pfeffer",Refined Plastic Salad
95,"Schiller, Stamm and White",Refined Soft Pants
96,Cummerata and Sons,Rustic Cotton Towels
97,Ziemann LLC,Unbranded Wooden Fish
98,Armstrong Group,Awesome Fresh Pizza
99,VonRueden Group,Licensed Wooden Pizza
100,Emmerich Group,Fantastic Fresh Bike
